"Source","Side","Leverage","Mode","Entry Time","Exit Time","Entry Price","Exit Price","Realized PnL %","Realized PnL $","Fees Included?","Size (SOL)","TP %","SL %","Duration (min)","Market (Entry)","Entry Reason","Market (Exit)","Exit Reason","Sentiment","Technical","News Catalysts","Execution Version","Close Version"
"Auto-Trade (Jupiter)","LONG","3","REAL","2026-09-25T14:06:43.524Z","2026-09-25T14:26:42.850Z","118.750666","119.620687","1.75","0.18","Yes (on-chain)","0.2526301620910488","13.622617202136833","5.108481450801313","20","↔️ UP · macro NEUTRAL","[Momentum] SOL Long Buy · Σ=+0.349 vs ±0.25 · trend UP · ADX 37 · macro NEUTRAL · px $119.07 · regime aligned","↔️ CHOP/HOLD · macro NEUTRAL","Trend Reversal — banked +2.20% (signal flipped to null)","0.03994020377029531","0.5","Crypto platform Bitget suspects North Korea is responsible for $352 million hack - CNBC | Animoca’s Evan Auyang worked in finance and public transit before crypto—Why he thinks the blockchain should be more like a bus - Fortune | SDNY’s $61 Million Crypto Forfeiture Action Reflects Growing Convergence of Civil Forfeiture and Sanctions Enforcement - JD Supra | Crypto Moves Into the Financial Mainstream - Traders Magazine | Form 1099-DA and the Zero-Basis Risk: What Crypto Investors Need to Know for Tax Year 2026 - JD Supra | Buy the Coin or the Crypto Treasury Stock? DWF Ventures Has a Verdict - Yahoo Finance | SOL price on Sep 25, 2026 at 3am EDT Crypto Prediction Market - Robinhood | XRP price at Sep 25, 2026 at 3am EDT Crypto Prediction Market - Robinhood | Dogecoin price on Sep 25, 2026 at 2am EDT Crypto Prediction Market - Robinhood | TST Images: Valkyries beat Sparks, 76-75, at Crypto Arena - Yahoo Sports","2.0.0","2.0.0"
"Auto-Trade (Jupiter)","LONG","3","REAL","2026-09-25T09:06:44.319Z","2026-09-25T10:26:42.780Z","117.501049","118.292019","1.83","0.19","Yes (on-chain)","0.25531686955407523","9.164807555461056","3.4368028332978966","80","↔️ UP · macro NEUTRAL","[Momentum] SOL Long Buy · Σ=+0.349 vs ±0.25 · trend UP · ADX 27 · macro NEUTRAL · px $117.74 · regime aligned","↔️ CHOP/HOLD · macro NEUTRAL","Trend Reversal — banked +2.02% (signal flipped to null)","-0.040896007232324366","0.5","Crypto platform Bitget suspects North Korea is responsible for $352 million hack - CNBC | More than $170 million in crypto moves from Bitget wallets to unidentified address - The Block | Animoca’s Evan Auyang worked in finance and public transit before crypto—Why he thinks the blockchain should be more like a bus - Fortune | Bitget Hacked as $350 Million Vanishes From Crypto Exchange Wallets - Yahoo Finance | SDNY’s $61 Million Crypto Forfeiture Action Reflects Growing Convergence of Civil Forfeiture and Sanctions Enforcement - JD Supra | ‘Big Crypto’ behind critical ads of Sherrod Brown again — without talking crypto - Signal Akron | Crypto Moves Into the Financial Mainstream - Traders Magazine | Crypto exchange Bitget says $352 million affected in a hack, claims user funds are 'safe' - CoinDesk | SEC’s ‘Regulation Crypto Assets’ Provides New Offering Paths but Could Create Private Litigation Risks - JD Supra | Buy the Coin or the Crypto Treasury Stock? DWF Ventures Has a Verdict - Yahoo Finance","2.0.0","2.0.0"
"Auto-Trade (Jupiter)","LONG","","REAL","2026-09-23T05:06:42.000Z","2026-09-23T07:44:36.000Z","119.08","117.78","-3.46","-0.36","Yes (on-chain)","","","","158","","Untracked on-chain open (daemon rolled back an OPEN that landed; unmanaged until the on-chain SL) — entry corrected from jup perps history","","Stop-loss limit triggered (-3.46% on-chain PnL)","","","","",""
"Auto-Trade (Jupiter)","LONG","3","REAL","2026-09-21T05:06:39.270Z","2026-09-21T06:26:39.067Z","111.295877","112.198588","2.16","0.23","Yes (on-chain)","0.2695517642580776","10.425339156311782","3.9095021836169184","80","↔️ UP · macro NEUTRAL","[Momentum] SOL Long Buy · Σ=+0.349 vs ±0.25 · trend UP · ADX 29 · macro NEUTRAL · px $111.52 · regime aligned","↔️ CHOP/HOLD · macro NEUTRAL","Trend Reversal — banked +2.43% (signal flipped to null)","0.07733067847484323","0.5","Elizabeth Warren Says 'We Will Win in November' — Here's What Crypto Prediction Market Says About Democrats' Midterm Chances - Yahoo | Sparks unveil statue honoring Lisa Leslie outside Crypto.com Arena - ABC7 Los Angeles | Investors Can Now Invest in the Surging Tron Cryptocurrency Via an ETF. Here's What Crypto Investors Need to Know. - The Motley Fool | Crypto Blew Its Big Moment—and the Blame Game Has Begun - WSJ | Lisa Leslie statue unveiled on Star Plaza outside Crypto.com Arena - ESPN | FCA’s crypto approval rate almost triples despite crackdown - TheBanker.com | TST Images: LA Sparks defeat Portland Fire, 105-84, at Crypto.com Arena - The Sporting Tribune | Clarity Act’s Failure Kicks Off Wave of Blame in Crypto World - pymnts.com | Sparks deliver a win after legend Lisa Leslie’s statue is unveiled at Crypto.com Arena - Los Angeles Times | Sparks unveil Lisa Leslie statue outside Crypto.com Arena - ESPN","2.0.0","2.0.0"
"Auto-Trade (Jupiter)","LONG","3","REAL","2026-09-17T18:46:37.034Z","2026-09-18T01:26:36.022Z","100.968796","101.511091","1.17","0.12","Yes (on-chain)","0.2971214988044425","10.259785719261968","3.8474196447232374","400","↔️ UP · macro RISK-ON","[Momentum] SOL Long Buy · Σ=+0.349 vs ±0.25 · trend UP · ADX 26 · macro RISK-ON · px $101.16 · regime aligned","↔️ CHOP/HOLD · macro RISK-ON","Trend Reversal — banked +1.61% (signal flipped to null)","0","0.5","","2.0.0","2.0.0"
"Auto-Trade (Jupiter)","LONG","3","REAL","2026-09-12T00:26:31.089Z","2026-09-12T06:46:30.885Z","102.154033","101.585373","-1.73","-0.18","Yes (on-chain)","0.2936741616456787","12.926254496528358","4.8473454361981325","380","↔️ UP · macro NEUTRAL","[Momentum] SOL Long Buy · Σ=+0.509 vs ±0.25 · trend UP · ADX 29 · macro NEUTRAL · px $102.30 · regime aligned","↔️ CHOP/HOLD · macro NEUTRAL","Time Stop — stagnant 380 min (PnL -1.67% < +0.5%; borrow fees accrue hourly on a going-nowhere position)","0.3746338697422289","0.5","MSTR Stock Draws Bullish Targets As Bitcoin War Chest Grows - timothysykes.com | Reform UK given record £36m donation by British crypto billionaire - The Guardian | Crypto’s Latest Rebound is Fueled By More Liquidations - Bloomberg.com | Crypto investor pardoned by Trump donates £36 million to Farage's Reform UK - Reuters | Reform receives record £36m donation from crypto billionaire - BBC | Bitcoin is back, but potential Clarity Act fail and Dem midterms win could come for crypto prices - CNBC | The CLARITY Act Changed Again: New Crypto Bill Impacts DeFi - Bitcoin Foundation | SEC Proposes Framework for Crypto Asset Offerings - Legis1 | Ways and Means to Consider Crypto Tax, Health Bills Next Week - Bloomberg Government News | What Is the Best Crypto to Buy Right Now: XRP or Bitcoin? - 24/7 Wall St.","2.0.0","2.0.0"
"Auto-Trade (Jupiter)","LONG","3","REAL","2026-09-11T16:51:12.973Z","2026-09-11T23:11:12.719Z","102.119491","101.980123","-0.49","-0.06","Yes (on-chain)","0.29377349716715684","14.806407417444051","5.55240278154152","380","↔️ UP · macro NEUTRAL","[Momentum] SOL Long Buy · Σ=+0.349 vs ±0.25 · trend UP · ADX 38 · macro NEUTRAL · px $102.34 · regime aligned","↔️ UP · macro NEUTRAL","Time Stop — stagnant 380 min (PnL -0.41% < +0.5%; borrow fees accrue hourly on a going-nowhere position)","0.14705882352941177","0.5","0911 crypto - Cecil Daily | Best Crypto Casinos September 2026 – Top Bitcoin Sites Worth Trying This Week - Muddy River Sports | BTC price range on Sep 11, 2026 at 3am EDT Crypto Prediction Market - Robinhood | XRP price at Sep 11, 2026 at 3am EDT Crypto Prediction Market - Robinhood | Dogecoin price on Sep 11, 2026 at 3am EDT Crypto Prediction Market - Robinhood | Russia to require tax IDs for opening crypto depository accounts - Crypto News","2.0.0","2.0.0"
"Auto-Trade (Jupiter)","SHORT","3","REAL","2026-09-10T18:58:13.192Z","2026-09-10T23:18:12.629Z","99.71255","98.814541","2.39","0.25","Yes (on-chain)","0.30086483597099867","10.20721459938802","3.827705474770508","260","↔️ DOWN · macro RISK-OFF","[Momentum] SOL Short Sell · Σ=-0.349 vs ±0.25 · trend DOWN · ADX 46 · macro RISK-OFF · px $99.80 · regime aligned","↔️ CHOP/HOLD · macro RISK-OFF","Trend Reversal — banked +2.70% (signal flipped to null)","0","-0.5","","2.0.0","2.0.0"
"Auto-Trade (Jupiter)","SHORT","3","REAL","2026-09-10T17:38:13.063Z","2026-09-10T18:18:12.644Z","100.195763","99.16188","2.38","0.25","Yes (on-chain)","0.2994138584482859","10.287246556975823","3.8577174588659338","40","↔️ DOWN · macro RISK-OFF","[Momentum] SOL Short Sell · Σ=-0.349 vs ±0.25 · trend DOWN · ADX 45 · macro RISK-OFF · px $100.11 · regime aligned","↔️ CHOP/HOLD · macro RISK-OFF","Trend Reversal — banked +3.10% (signal flipped to null)","0.14971352177234526","-0.5","CLARITY Act vote may not decide fate of US crypto rules: Coinbase CEO - Crypto News | Crypto regulation will advance regardless of Clarity Act vote, says Coinbase CEO (COIN:NASDAQ) - Seeking Alpha | South Korea sees sharp rise in crypto gifts to children before 2027 tax rules - Crypto News | Coinbase expands AI access to stocks and crypto - Crypto News | DOJ Restrains $52 Million in Crypto Tied to Chinese Scam Marketplace Xinbi - BeInCrypto","2.0.0","2.0.0"
"Auto-Trade (Jupiter)","SHORT","3","REAL","2026-09-10T14:38:12.909Z","2026-09-10T15:58:12.579Z","99.993757","99.371988","1.72","0.18","Yes (on-chain)","0.30001873016932445","10.288993568774004","3.8583725882902513","80","↔️ DOWN · macro RISK-OFF","[Momentum] SOL Short Sell · Σ=-0.349 vs ±0.25 · trend DOWN · ADX 45 · macro RISK-OFF · px $100.20 · regime aligned","↔️ CHOP/HOLD · macro RISK-OFF","Trend Reversal — banked +1.87% (signal flipped to null)","0.1388300425065131","-0.5","Hunter Biden’s ‘$LAPTOP’ crypto coin crashes minutes after launch - The Washington Post | Coinbase CEO says clearer U.S. crypto rules are coming — with or without Senate approval - CNBC | Trust companies turn away crypto-rich on money-laundering fears - Financial Times | 0910 crypto - Cecil Daily | Crypto’s Power, the AI Backlash, and 3 Other Things to Watch in the Midterm Elections - Barron's | CLARITY Act vote may not decide fate of US crypto rules: Coinbase CEO - Crypto News | South Korea sees sharp rise in crypto gifts to children before 2027 tax rules - Crypto News | SOL price on Sep 10, 2026 at 1am EDT Crypto Prediction Market - Robinhood | DOJ targets Xinbi Guarantee network, restrains over $52M in crypto - Crypto News | XRP price at Sep 10, 2026 at 1am EDT Crypto Prediction Market - Robinhood","2.0.0","2.0.0"
"Auto-Trade (Jupiter)","SHORT","3","REAL","2026-09-10T11:18:12.911Z","2026-09-10T12:38:12.452Z","101.076037","100.370036","2.77","0.29","Yes (on-chain)","0.29680625487918566","8.314472298233461","3.117927111837548","80","↔️ DOWN · macro RISK-OFF","[Momentum] SOL Short Sell · Σ=-0.349 vs ±0.25 · trend DOWN · ADX 41 · macro RISK-OFF · px $101.17 · regime aligned","↔️ CHOP/HOLD · macro RISK-OFF","Trend Reversal — banked +2.10% (signal flipped to null)","0.20384552238267406","-0.5","Hunter Biden’s ‘$LAPTOP’ crypto coin crashes minutes after launch - The Washington Post | Coinbase CEO says clearer U.S. crypto rules are coming — with or without Senate approval - CNBC | Trust companies turn away crypto-rich on money-laundering fears - Financial Times | Hunter Biden’s crypto offering plummets upon launching - The Seattle Times | Crypto’s Power, the AI Backlash, and 3 Other Things to Watch in the Midterm Elections - Barron's | Quantum, Crypto and AI Are Repricing the Enterprise Cybersecurity Budget - PYMNTS.com | 5 Best Bitcoin Casinos for Fast Cashouts – Top Crypto Casinos After Weeks of Testing - Muddy River Sports | CLARITY Act vote may not decide fate of US crypto rules: Coinbase CEO - Crypto News | DOJ targets Xinbi Guarantee network, restrains over $52M in crypto - Crypto News | Crypto regulation will advance regardless of Clarity Act vote, says Coinbase CEO (COIN:NASDAQ) - Seeking Alpha","2.0.0","2.0.0"
"Auto-Trade (Jupiter)","SHORT","3","REAL","2026-09-10T02:38:12.897Z","2026-09-10T10:58:12.499Z","101.216968","101.101497","0.63","0.07","Yes (on-chain)","0.29639299213151693","9.747692536035121","3.655384701013171","500","↔️ DOWN · macro NEUTRAL","[Momentum] SOL Short Sell · Σ=-0.349 vs ±0.25 · trend DOWN · ADX 32 · macro NEUTRAL · px $101.42 · regime aligned","↔️ DOWN · macro RISK-OFF","Time Stop — stagnant 500 min (PnL +0.34% < +0.5%; borrow fees accrue hourly on a going-nowhere position)","-0.46328671328671334","-0.5","Hunter Biden’s ‘Laptop’ Crypto Coin Plummets Upon Launching - The New York Times | Hunter Biden’s ‘$LAPTOP’ crypto coin crashes minutes after launch - The Washington Post | Hunter Biden’s crypto offering plummets upon launching - seattletimes.com | South Florida crypto kingpin pleads guilty in alleged $245M theft conspiracy - WPEC | Steve Witkoff earned nearly $107M from Trump-affiliated crypto venture, disclosures show - ABC News - Breaking News, Latest News and Videos | Steve Witkoff Earned More Than $100 Million From Entity Tied to Trump Crypto - WSJ | Circle buys USDC global payment network in major crypto expansion - Yahoo Finance | California crypto ‘Godfather’ gets 15 years for Bitcoin kidnapping plot - KTLA | South Florida crypto kingpin pleads guilty in alleged $245M theft conspiracy - KBOI | Sedgwick Co. DA's office issues warning about crypto scams - KWCH","2.0.0","2.0.0"
"Auto-Trade (Jupiter)","SHORT","3","REAL","2026-09-08T09:17:19.123Z","2026-09-08T12:18:10.609Z","102.976656","102.454159","1.39","0.15","Yes (on-chain)","0.29132816276341306","7.45732478136701","2.7964967930126288","181","↔️ DOWN · macro NEUTRAL","[Momentum] SOL Short Sell · Σ=-0.349 vs ±0.25 · trend DOWN · ADX 26 · macro NEUTRAL · px $103.17 · regime aligned","↔️ CHOP/HOLD · macro NEUTRAL","Trend Reversal — banked +1.52% (signal flipped to null)","-0.032499999999999994","-0.5","Exclusive | Hunter Biden (and His Laptop) Enter the Cryptosphere With New Meme Coin - WSJ | Hunter Biden to launch crypto meme coin - The Hill | Crypto News Today: DigiTap Sells Out Presale Stage Early as Ethereum Price Prediction Points to $5,000 - markets.businessinsider.com | Tether-backed crypto exchange freezes withdrawals after $7 million leaves custody - cryptoslate.com | Philippines Proposes 12-Month Freeze on New Payment Operators, Tightens Crypto Payment Controls - FinanceFeeds | Bitcoin’s Latest Hack Puts Key Crypto Vulnerability in Spotlight - Bloomberg.com | 5 Best Crypto Casinos in 2026: Tested & Verified Bitcoin Gambling Sites - Muddy River Sports | Washington Finally Stopped Treating Crypto Like a Crime, But That’s Not Enough - Traders Magazine | BTC price range on Sep 8, 2026 at 3am EDT Crypto Prediction Market - Robinhood | BTC price on Sep 8, 2026 at 3am EDT Crypto Prediction Market - Robinhood","2.0.0","2.0.0"
"Auto-Trade (Jupiter)","LONG","","REAL","2026-09-06T14:17:25.000Z","2026-09-06T15:01:54.000Z","106.15","104.94","-3.58","-0.38","Yes (on-chain)","","","","44","","Untracked on-chain open (daemon rolled back an OPEN that landed; unmanaged until the on-chain SL) — entry corrected from jup perps history","","Stop-loss limit triggered (-3.58% on-chain PnL)","","","","",""
"Auto-Trade (Jupiter)","LONG","3","REAL","2026-09-06T07:17:23.357Z","2026-09-06T09:17:22.305Z","104.953173","105.741755","2.00","0.21","Yes (on-chain)","0.2858417629736644","8.802049081285357","3.3007684054820086","120","↔️ UP · macro NEUTRAL","[Momentum] SOL Long Buy · Σ=+0.349 vs ±0.25 · trend UP · ADX 39 · macro NEUTRAL · px $105.15 · regime aligned","↔️ CHOP/HOLD · macro NEUTRAL","Trend Reversal — banked +2.25% (signal flipped to null)","-0.35","0.5","Bill Gates Says He Still Won't Invest in Crypto, Calls It a ""Pure Mania-Driven Asset."" Here's Why He's Right. - The Motley Fool | Bill Gates Says He Still Won't Invest in Crypto, Calls It a ""Pure Mania-Driven Asset."" Here's Why He's Right. - Yahoo Finance | Sweep Las Vegas Review 2026 | 10,000 GC + 2 FREE SC + Crypto Payouts - RG.org | 5 Best Crypto Casinos 2026 – Top Bitcoin Sites For Instant Payouts - Muddy River Sports | HYPE price on Sep 6, 2026 at 3am EDT Crypto Prediction Market - Robinhood | 0906 crypto - Cecil Daily | ETH price on Sep 6, 2026 at 3am EDT Crypto Prediction Market - Robinhood | XRP price at Sep 6, 2026 at 1am EDT Crypto Prediction Market - Robinhood | Dogecoin price on Sep 5, 2026 at 11pm EDT Crypto Prediction Market - Robinhood | Crypto Hacks Hit Record 50 in Aug as Losses Fall 49% [2026] - shattered.io","2.0.0","2.0.0"
"Auto-Trade (Jupiter)","SHORT","3","REAL","2026-09-05T00:37:26.750Z","2026-09-05T06:57:22.846Z","101.700768","102.06037","-1.24","-0.13","Yes (on-chain)","0.29498302313705244","8.947186302122077","3.355194863295778","380","↔️ DOWN · macro NEUTRAL","[Momentum] SOL Short Sell · Σ=-0.509 vs ±0.25 · trend DOWN · ADX 30 · macro NEUTRAL · px $101.93 · regime aligned","↔️ CHOP/HOLD · macro NEUTRAL","Time Stop — stagnant 380 min (PnL -1.06% < +0.5%; borrow fees accrue hourly on a going-nowhere position)","-0.3","-0.5","Crypto Money Still Matters for the Midterms - theatlantic.com | Crypto CEO Chris Larsen Donates $500,000 to Support Political Moderate in Supervisors Race - KQED | Be careful! The US Treasury identified $12.7B linked to catfish crypto scams across the country - Yahoo Finance | Why Is Crypto Crashing? Bitcoin Plunges After US Jobs Shock as $200B Is Liquidated in 15 Minutes - bitcoinfoundation.org | Best crypto exchanges for beginners, ranked for 2026 - qz.com | Crypto Brief - Lowenstein Crypto Newsletter - Crypto Brief - JD Supra | IRS Drops Crypto Scam Victims’ Tax Bill on Theft Loss Deduction - news.bloombergtax.com | Stocks and Commodities Fuel $778 Billion Boom on Crypto Venues - Bloomberg.com | Crypto Traders Are Pairing Meme Coins With Stocks on Robinhood—And It's Working (Sort Of) - Decrypt | FinCEN Says Stopping Crypto Scams Means Catching How Customers Fund Them - PYMNTS.com","2.0.0","2.0.0"
"Auto-Trade (Jupiter)","SHORT","3","REAL","2026-09-04T17:17:25.765Z","2026-09-04T23:37:19.763Z","101.525226","101.757834","-1.24","-0.13","Yes (on-chain)","0.29549306297530425","11.134639269705822","4.175489726139682","380","↔️ DOWN · macro NEUTRAL","[Momentum] SOL Short Sell · Σ=-0.349 vs ±0.25 · trend DOWN · ADX 31 · macro NEUTRAL · px $101.57 · regime aligned","↔️ DOWN · macro NEUTRAL","Time Stop — stagnant 380 min (PnL -0.69% < +0.5%; borrow fees accrue hourly on a going-nowhere position)","0.1","-0.5","US Diesel Sets All-Time High as War Fuel Bill Hits $97.5 Billion - BeInCrypto | Ripple CEO links U.S. crypto lead to CLARITY Act - Crypto News | SOL price on Sep 4, 2026 at 3am EDT Crypto Prediction Market - Robinhood | The malware that hijacked crypto payments for 8 years - CoinDesk | US, UK join forces to target crypto scam centers and investment fraud - Crypto News | ‘Saint Seiya’ creator sues former manager over $20M, crypto investments - Crypto News | Hargreaves Lansdown opens 9 crypto ETNs to investors - Crypto News","2.0.0","2.0.0"
"Auto-Trade (Jupiter)","LONG","3","REAL","2026-09-03T22:37:19.743Z","2026-09-04T04:37:19.745Z","103.912841","104.043405","-0.44","-0.04","Yes (on-chain)","0.2887034914193136","11.369867939067383","4.26370047715027","360","↔️ UP · macro NEUTRAL","[Momentum] SOL Long Buy · Σ=+0.349 vs ±0.25 · trend UP · ADX 35 · macro NEUTRAL · px $104.16 · regime aligned","↔️ CHOP/HOLD · macro NEUTRAL","Time Stop — stagnant 360 min (PnL +0.38% < +0.5%; borrow fees accrue hourly on a going-nowhere position)","0.25","0.5","Crypto for Advisors: Why crypto earnings reports can be misleading - Cryptonews.net | A memecoin making app becomes crypto’s top fee generators as Robinhood Chain activity explodes - Cryptonews.net","2.0.0","2.0.0"
"Auto-Trade (Jupiter)","SHORT","3","REAL","2026-09-02T03:01:39.849Z","2026-09-02T09:41:40.606Z","99.805604","98.462479","3.95","0.22","Yes (on-chain)","0.15029216195114656","10.443021949037176","3.916133230888941","400","↔️ DOWN · macro NEUTRAL","[Momentum] SOL Short Sell · Σ=-0.349 vs ±0.25 · trend DOWN · ADX 40 · macro NEUTRAL · px $99.99 · regime aligned","↔️ CHOP/HOLD · macro NEUTRAL","Trend Reversal — banked +4.04% (signal flipped to null)","-0.1","-0.5","Crypto enters September with legislative policy gamble hanging by a thread - CNBC | Buying memecoins with credit cards on Robinhood Wallet and Fomo appears to sidestep card-network crypto rules - The Block | The Hidden Risk in Crypto Terms of Business - Pillsbury Winthrop Shaw Pittman | Before the first crypto transaction, finance needs a seat at the compliance table - Compliance Week | 5 Best Crypto Casinos in 2026 – Which Bitcoin Sites Offer Instant Payouts? - Muddy River Sports | Fake GTA 6 leaked copy drains your crypto wallet - Malwarebytes | A Step Towards Clarity: SEC Proposes Regulation Crypto Assets - JD Supra | 10 Best Crypto Custody Providers in 2026: Top Services & Solutions Ranked - Bitcoin Foundation | Big Banks, Financial Giants Eye Crypto Market With Planned Stablecoin - Investopedia | 5 Best Crypto Casinos Listed – Top Rated Bitcoin Casinos for 2026 - Muddy River Sports","2.0.0","2.0.0"
"Auto-Trade (Jupiter)","LONG","","REAL","2026-08-25T08:21:24.000Z","2026-08-25T12:03:16.000Z","100.56","98.38","-6.68","-0.70","Yes (on-chain)","","","","222","","Untracked on-chain open (daemon rolled back an OPEN that landed; unmanaged until the on-chain SL) — entry corrected from jup perps history","","Stop-loss limit triggered (-6.68% on-chain PnL)","","","","",""
"Auto-Trade (Jupiter)","LONG","3","REAL","2026-08-22T05:39:06.966Z","2026-08-22T11:39:07.098Z","93.697483","93.155663","-1.96","-0.21","Yes (on-chain)","0.3201793584999503","29.42811440273677","11.035542901026288","360","↔️ UP · macro NEUTRAL","[Momentum] SOL Long Buy · Σ=+0.349 vs ±0.25 · trend UP · ADX 54 · macro NEUTRAL · px $93.90 · regime aligned","↔️ CHOP/HOLD · macro NEUTRAL","Time Stop — stagnant 360 min (PnL -1.73% < +0.5%; borrow fees accrue hourly on a going-nowhere position)","0.016108653987910962","0.5","Binance Faces New Scrutiny in Its Crypto-Friendly UAE Haven - Bloomberg.com | Crypto advocates join in suing Illinois over digital asset tax - CoinDesk | Bitcoin soars to nearly $80,000—but crypto’s new favorite coin, Hyperliquid, is stealing its thunder - Fortune | Bitcoin Leaps Past $75,000 as Crypto Rally Continues in Asia - Bloomberg.com | Crypto Rules Are Coming Even If Trump-Favored Legislation Flounders - Bloomberg.com | Washington Goes All-In on Crypto: Trump Pushes Clarity, SEC Rules, and CFTC Warnings - Decrypt | With rise of crypto and AI scams, fraud targeting Idaho seniors doubled in 2025 - Boise State Public Radio | 'Very Pared Down': SEC Exemptions for Crypto a Boon for the Industry, Lawyers Say - Law.com | Bitcoin Rally Tops $79,000. Crypto Shorts, ETF Flows Soar. CFTC Explores Crypto Rules. - Investor's Business Daily | CFTC begins exploring crypto rules as Clarity Act faces uncertain future - Pensions & Investments","2.0.0","2.0.0"
"Auto-Trade (Jupiter)","LONG","3","REAL","2026-08-18T22:57:16.488Z","2026-08-19T05:17:15.811Z","76.763575","76.812478","-0.14","-0.01","Yes (on-chain)","0.3908103550414373","5.50269968290876","2.0635123810907854","380","↔️ UP · macro NEUTRAL","[Momentum] SOL Long Buy · Σ=+0.349 vs ±0.25 · trend UP · ADX 26 · macro NEUTRAL · px $76.91 · regime aligned","↔️ CHOP/HOLD · macro NEUTRAL","Time Stop — stagnant 380 min (PnL +0.19% < +0.5%; borrow fees accrue hourly on a going-nowhere position)","0","0.5","Two-Factor Authentication on a Crypto Exchange: Why SMS Is the Weakest Option - Cryptonews.net","2.0.0","2.0.0"
"Auto-Trade (Jupiter)","LONG","","REAL","2026-07-19T05:41:30.000Z","2026-07-19T17:02:03.000Z","75.9","75.61","-2.17","-0.24","Yes (on-chain)","","","","681","","Momentum Trend Follower — composite conviction bias triggered on Long Buy trade (on-chain verified)","","Stop-loss limit triggered (-2.17% on-chain PnL)","","","","",""
"Auto-Trade (Jupiter)","LONG","","REAL","2026-07-15T14:08:51.000Z","2026-07-19T11:21:29.000Z","78.26","76.32","1.39","0.15","Yes (on-chain)","","","","5593","","Momentum Trend Follower — composite conviction bias triggered on Long Buy trade (on-chain verified)","","Target profit limit hit (+1.39% on-chain PnL)","","","","",""
"Auto-Trade (Jupiter)","SHORT","","REAL","2026-07-17T03:21:13.000Z","2026-07-17T05:36:10.000Z","75.3","74.69","1.40","0.15","Yes (on-chain)","","","","135","","Momentum Trend Follower — composite conviction bias triggered on Short Sell trade (on-chain verified)","","Target profit limit hit (+1.40% on-chain PnL)","","","","",""
"Auto-Trade (Jupiter)","SHORT","","REAL","2026-07-17T01:41:13.000Z","2026-07-17T04:21:12.000Z","75.31","74.73","2.06","0.22","Yes (on-chain)","","","","160","","Momentum Trend Follower — composite conviction bias triggered on Short Sell trade (on-chain verified)","","Target profit limit hit (+2.06% on-chain PnL)","","","","",""
"Auto-Trade (Jupiter)","SHORT","","REAL","2026-07-12T08:14:44.000Z","2026-07-17T02:41:12.000Z","76.67","74.76","2.01","0.21","Yes (on-chain)","","","","6866","","Momentum Trend Follower — composite conviction bias triggered on Short Sell trade (on-chain verified)","","Target profit limit hit (+2.01% on-chain PnL)","","","","",""
"Auto-Trade (Jupiter)","LONG","","REAL","2026-07-15T05:13:58.000Z","2026-07-15T16:20:45.000Z","77.72","77.44","-3.31","-0.35","Yes (on-chain)","","","","667","","Momentum Trend Follower — composite conviction bias triggered on Long Buy trade (on-chain verified)","","Stop-loss limit triggered (-3.31% on-chain PnL)","","","","",""
"Auto-Trade (Jupiter)","LONG","","REAL","2026-07-15T03:13:57.000Z","2026-07-15T06:13:57.000Z","77.47","78.37","2.32","0.24","Yes (on-chain)","","","","180","","Momentum Trend Follower — composite conviction bias triggered on Long Buy trade (on-chain verified)","","Target profit limit hit (+2.32% on-chain PnL)","","","","",""
"Auto-Trade (Jupiter)","LONG","","REAL","2026-07-09T18:11:11.000Z","2026-07-15T04:53:58.000Z","78.21","78.08","2.18","0.23","Yes (on-chain)","","","","7843","","Momentum Trend Follower — composite conviction bias triggered on Long Buy trade (on-chain verified)","","Target profit limit hit (+2.18% on-chain PnL)","","","","",""
"Auto-Trade (Jupiter)","SHORT","","REAL","2026-07-09T03:14:36.000Z","2026-07-12T13:04:59.000Z","76.91","77.32","-2.74","-0.29","Yes (on-chain)","","","","4910","","Momentum Trend Follower — composite conviction bias triggered on Short Sell trade (on-chain verified)","","Stop-loss limit triggered (-2.74% on-chain PnL)","","","","",""
"Auto-Trade (Jupiter)","LONG","","REAL","2026-07-09T05:54:36.000Z","2026-07-10T01:48:55.000Z","78.23","79.08","3.04","0.32","Yes (on-chain)","","","","1194","","Momentum Trend Follower — composite conviction bias triggered on Long Buy trade (on-chain verified)","","Target profit limit hit (+3.04% on-chain PnL)","","","","",""
"Auto-Trade (Jupiter)","LONG","","REAL","2026-07-07T12:16:49.000Z","2026-07-09T10:48:36.000Z","81.71","77.76","-1.98","-0.21","Yes (on-chain)","","","","2792","","Momentum Trend Follower — composite conviction bias triggered on Long Buy trade (on-chain verified)","","Stop-loss limit triggered (-1.98% on-chain PnL)","","","","",""
"Auto-Trade (Jupiter)","SHORT","","REAL","2026-07-08T08:57:02.000Z","2026-07-09T04:00:05.000Z","77.27","77.35","-1.89","-0.20","Yes (on-chain)","","","","1143","","Momentum Trend Follower — composite conviction bias triggered on Short Sell trade (on-chain verified)","","Stop-loss limit triggered (-1.89% on-chain PnL)","","","","",""
"Auto-Trade (Jupiter)","SHORT","","REAL","2026-07-08T04:56:16.000Z","2026-07-08T15:22:06.000Z","78.44","76.42","3.11","0.33","Yes (on-chain)","","","","626","","Momentum Trend Follower — composite conviction bias triggered on Short Sell trade (on-chain verified)","","Target profit limit hit (+3.11% on-chain PnL)","","","","",""
"Auto-Trade (Jupiter)","SHORT","","REAL","2026-07-07T19:36:27.000Z","2026-07-08T08:17:00.000Z","81.24","77.83","2.13","0.22","Yes (on-chain)","","","","761","","Momentum Trend Follower — composite conviction bias triggered on Short Sell trade (on-chain verified)","","Target profit limit hit (+2.13% on-chain PnL)","","","","",""
"Auto-Trade (Jupiter)","SHORT","","REAL","2026-07-06T12:04:14.000Z","2026-07-07T21:24:26.000Z","79.54","80.7","1.79","0.19","Yes (on-chain)","","","","2000","","Momentum Trend Follower — composite conviction bias triggered on Short Sell trade (on-chain verified)","","Target profit limit hit (+1.79% on-chain PnL)","","","","",""
"Auto-Trade (Jupiter)","LONG","","REAL","2026-07-06T21:25:24.000Z","2026-07-07T13:10:37.000Z","82.71","81.22","-1.99","-0.21","Yes (on-chain)","","","","945","","Momentum Trend Follower — composite conviction bias triggered on Long Buy trade (on-chain verified)","","Stop-loss limit triggered (-1.99% on-chain PnL)","","","","",""
"Auto-Trade (Jupiter)","LONG","","REAL","2026-07-05T21:33:20.000Z","2026-07-06T22:56:50.000Z","81.67","82.24","-1.91","-0.20","Yes (on-chain)","","","","1524","","Momentum Trend Follower — composite conviction bias triggered on Long Buy trade (on-chain verified)","","Stop-loss limit triggered (-1.91% on-chain PnL)","","","","",""
"Auto-Trade (Jupiter)","SHORT","","REAL","2026-07-06T03:40:01.000Z","2026-07-06T12:13:10.000Z","80.64","80.47","-3.68","-0.39","Yes (on-chain)","","","","513","","Momentum Trend Follower — composite conviction bias triggered on Short Sell trade (on-chain verified)","","Stop-loss limit triggered (-3.68% on-chain PnL)","","","","",""
"Auto-Trade (Jupiter)","SHORT","","REAL","2026-07-05T09:47:15.000Z","2026-07-06T09:48:43.000Z","79.8","80.11","1.78","0.19","Yes (on-chain)","","","","1441","","Momentum Trend Follower — composite conviction bias triggered on Short Sell trade (on-chain verified)","","Target profit limit hit (+1.78% on-chain PnL)","","","","",""
"Auto-Trade (Jupiter)","LONG","","REAL","2026-07-05T12:27:14.000Z","2026-07-06T00:25:59.000Z","80.84","81.15","-2.11","-0.22","Yes (on-chain)","","","","719","","Momentum Trend Follower — composite conviction bias triggered on Long Buy trade (on-chain verified)","","Stop-loss limit triggered (-2.11% on-chain PnL)","","","","",""
"Auto-Trade (Jupiter)","LONG","","REAL","2026-07-03T22:06:41.000Z","2026-07-05T15:07:14.000Z","82.33","81.59","2.58","0.27","Yes (on-chain)","","","","2461","","Momentum Trend Follower — composite conviction bias triggered on Long Buy trade (on-chain verified)","","Target profit limit hit (+2.58% on-chain PnL)","","","","",""
"Auto-Trade (Jupiter)","SHORT","","REAL","2026-07-05T00:27:14.000Z","2026-07-05T10:47:15.000Z","81.32","80.28","-1.99","-0.21","Yes (on-chain)","","","","620","","Momentum Trend Follower — composite conviction bias triggered on Short Sell trade (on-chain verified)","","Stop-loss limit triggered (-1.99% on-chain PnL)","","","","",""
"Auto-Trade (Jupiter)","SHORT","","REAL","2026-07-04T09:07:55.000Z","2026-07-05T01:47:14.000Z","81.96","80.77","1.80","0.19","Yes (on-chain)","","","","999","","Momentum Trend Follower — composite conviction bias triggered on Short Sell trade (on-chain verified)","","Target profit limit hit (+1.80% on-chain PnL)","","","","",""
"Auto-Trade (Jupiter)","SHORT","","REAL","2026-07-03T03:11:12.000Z","2026-07-04T12:47:53.000Z","80.4","81.37","1.96","0.21","Yes (on-chain)","","","","2017","","Momentum Trend Follower — composite conviction bias triggered on Short Sell trade (on-chain verified)","","Target profit limit hit (+1.96% on-chain PnL)","","","","",""
"Auto-Trade (Jupiter)","LONG","","REAL","2026-07-03T22:01:18.000Z","2026-07-04T04:47:54.000Z","82.48","83.73","4.80","0.52","Yes (on-chain)","","","","407","","Momentum Trend Follower — composite conviction bias triggered on Long Buy trade (on-chain verified)","","Target profit limit hit (+4.80% on-chain PnL)","","","","",""
"Auto-Trade (Jupiter)","LONG","","REAL","2026-07-03T21:56:40.000Z","2026-07-03T22:02:05.000Z","82.64","82.51","-0.36","-0.09","Yes (on-chain)","","","","5","","Momentum Trend Follower — composite conviction bias triggered on Long Buy trade (on-chain verified)","","Stop-loss limit triggered (-0.36% on-chain PnL)","","","","",""
"Auto-Trade (Jupiter)","LONG","","REAL","2026-07-03T21:33:13.000Z","2026-07-03T21:33:25.000Z","82.22","82.22","0.01","-0.02","Yes (on-chain)","","","","0","","Momentum Trend Follower — composite conviction bias triggered on Long Buy trade (on-chain verified)","","Target profit limit hit (+0.01% on-chain PnL)","","","","",""
"Auto-Trade (Jupiter)","LONG","","REAL","2026-07-03T17:22:36.000Z","2026-07-03T17:40:09.000Z","81.77","81.53","-1.06","-0.11","Yes (on-chain)","","","","18","","Momentum Trend Follower — composite conviction bias triggered on Long Buy trade (on-chain verified)","","Stop-loss limit triggered (-1.06% on-chain PnL)","","","","",""
"Auto-Trade (Jupiter)","LONG","","REAL","2026-07-03T05:56:13.000Z","2026-07-03T06:06:12.000Z","81.13","81.23","0.18","0.02","Yes (on-chain)","","","","10","","Momentum Trend Follower — composite conviction bias triggered on Long Buy trade (on-chain verified)","","Target profit limit hit (+0.18% on-chain PnL)","","","","",""
"Auto-Trade (Jupiter)","SHORT","","REAL","2026-06-30T13:07:26.000Z","2026-07-03T03:20:35.000Z","72.23","80.64","-1.09","-0.11","Yes (on-chain)","","","","3733","","Momentum Trend Follower — composite conviction bias triggered on Short Sell trade (on-chain verified)","","Stop-loss limit triggered (-1.09% on-chain PnL)","","","","",""
"Auto-Trade (Jupiter)","LONG","","REAL","2026-07-03T01:51:12.000Z","2026-07-03T02:12:28.000Z","81.56","81.29","-1.15","-0.12","Yes (on-chain)","","","","21","","Momentum Trend Follower — composite conviction bias triggered on Long Buy trade (on-chain verified)","","Stop-loss limit triggered (-1.15% on-chain PnL)","","","","",""
"Auto-Trade (Jupiter)","LONG","","REAL","2026-07-02T12:46:13.000Z","2026-07-02T13:45:14.000Z","81.2","81.6","1.30","0.14","Yes (on-chain)","","","","59","","Momentum Trend Follower — composite conviction bias triggered on Long Buy trade (on-chain verified)","","Target profit limit hit (+1.30% on-chain PnL)","","","","",""
"Auto-Trade (Jupiter)","LONG","","REAL","2026-07-02T09:37:03.000Z","2026-07-02T10:27:08.000Z","79.45","80.44","3.56","0.37","Yes (on-chain)","","","","50","","Momentum Trend Follower — composite conviction bias triggered on Long Buy trade (on-chain verified)","","Target profit limit hit (+3.56% on-chain PnL)","","","","",""
"Auto-Trade (Jupiter)","LONG","","REAL","2026-07-01T16:55:09.000Z","2026-07-01T17:59:14.000Z","77.07","77.66","2.11","0.22","Yes (on-chain)","","","","64","","Momentum Trend Follower — composite conviction bias triggered on Long Buy trade (on-chain verified)","","Target profit limit hit (+2.11% on-chain PnL)","","","","",""
"Auto-Trade (Jupiter)","LONG","","REAL","2026-07-01T14:41:15.000Z","2026-07-01T15:33:41.000Z","76.74","77.35","2.16","0.23","Yes (on-chain)","","","","52","","Momentum Trend Follower — composite conviction bias triggered on Long Buy trade (on-chain verified)","","Target profit limit hit (+2.16% on-chain PnL)","","","","",""
"Auto-Trade (Jupiter)","LONG","","REAL","2026-07-01T04:49:32.000Z","2026-07-01T06:01:48.000Z","75.63","75.02","-2.60","-0.27","Yes (on-chain)","","","","72","","Momentum Trend Follower — composite conviction bias triggered on Long Buy trade (on-chain verified)","","Stop-loss limit triggered (-2.60% on-chain PnL)","","","","",""
"Auto-Trade (Jupiter)","LONG","","REAL","2026-07-01T02:49:32.000Z","2026-07-01T04:09:32.000Z","74.64","75.37","2.76","0.29","Yes (on-chain)","","","","80","","Momentum Trend Follower — composite conviction bias triggered on Long Buy trade (on-chain verified)","","Target profit limit hit (+2.76% on-chain PnL)","","","","",""
"Auto-Trade (Jupiter)","SHORT","","REAL","2026-06-30T12:07:26.000Z","2026-06-30T13:30:20.000Z","72.98","72.67","-2.02","-0.21","Yes (on-chain)","","","","83","","Momentum Trend Follower — composite conviction bias triggered on Short Sell trade (on-chain verified)","","Stop-loss limit triggered (-2.02% on-chain PnL)","","","","",""
"Auto-Trade (Jupiter)","SHORT","","REAL","2026-06-22T12:30:17.000Z","2026-06-30T12:27:28.000Z","74.26","72.66","1.12","0.12","Yes (on-chain)","","","","11517","","Momentum Trend Follower — composite conviction bias triggered on Short Sell trade (on-chain verified)","","Target profit limit hit (+1.12% on-chain PnL)","","","","",""
"Auto-Trade (Jupiter)","LONG","","REAL","2026-06-29T17:12:16.000Z","2026-06-29T17:32:17.000Z","74.68","75.75","4.10","0.43","Yes (on-chain)","","","","20","","Momentum Trend Follower — composite conviction bias triggered on Long Buy trade (on-chain verified)","","Target profit limit hit (+4.10% on-chain PnL)","","","","",""
"Auto-Trade (Jupiter)","LONG","","REAL","2026-06-29T15:49:56.000Z","2026-06-29T16:27:15.000Z","73.87","72.83","-4.41","-0.46","Yes (on-chain)","","","","37","","Momentum Trend Follower — composite conviction bias triggered on Long Buy trade (on-chain verified)","","Stop-loss limit triggered (-4.41% on-chain PnL)","","","","",""
"Auto-Trade (Jupiter)","LONG","","REAL","2026-06-29T12:26:42.000Z","2026-06-29T12:46:42.000Z","73.67","73.47","-1.01","-0.10","Yes (on-chain)","","","","20","","Momentum Trend Follower — composite conviction bias triggered on Long Buy trade (on-chain verified)","","Stop-loss limit triggered (-1.01% on-chain PnL)","","","","",""
"Auto-Trade (Jupiter)","LONG","","REAL","2026-06-29T10:25:23.000Z","2026-06-29T11:06:40.000Z","73.31","72.75","-2.46","-0.26","Yes (on-chain)","","","","41","","Momentum Trend Follower — composite conviction bias triggered on Long Buy trade (on-chain verified)","","Stop-loss limit triggered (-2.46% on-chain PnL)","","","","",""
"Auto-Trade (Jupiter)","LONG","","REAL","2026-06-28T12:35:52.000Z","2026-06-28T13:03:03.000Z","71.9","71.37","-2.48","-0.26","Yes (on-chain)","","","","27","","Momentum Trend Follower — composite conviction bias triggered on Long Buy trade (on-chain verified)","","Stop-loss limit triggered (-2.48% on-chain PnL)","","","","",""
"Auto-Trade (Jupiter)","LONG","","REAL","2026-06-22T21:31:18.000Z","2026-06-22T22:25:07.000Z","72.6","72.48","-4.54","0.00","Yes (on-chain)","","","","54","","Momentum Trend Follower — composite conviction bias triggered on Long Buy trade (on-chain verified)","","Stop-loss limit triggered (-4.54% on-chain PnL)","","","","",""
"Auto-Trade (Jupiter)","LONG","","REAL","2026-06-22T21:31:13.000Z","2026-06-22T22:24:51.000Z","72.59","72.49","-0.31","0.00","Yes (on-chain)","","","","54","","Momentum Trend Follower — composite conviction bias triggered on Long Buy trade (on-chain verified)","","Stop-loss limit triggered (-0.31% on-chain PnL)","","","","",""
"Auto-Trade (Jupiter)","LONG","","REAL","2026-06-22T13:40:53.000Z","2026-06-22T21:46:53.000Z","74.63","72.51","-0.29","0.00","Yes (on-chain)","","","","486","","Momentum Trend Follower — composite conviction bias triggered on Long Buy trade (on-chain verified)","","Stop-loss limit triggered (-0.29% on-chain PnL)","","","","",""
"Auto-Trade (Jupiter)","LONG","","REAL","2026-06-22T13:05:53.000Z","2026-06-22T21:46:33.000Z","74.39","72.47","-0.71","-0.15","Yes (on-chain)","","","","521","","Momentum Trend Follower — composite conviction bias triggered on Long Buy trade (on-chain verified)","","Stop-loss limit triggered (-0.71% on-chain PnL)","","","","",""
"Auto-Trade (Jupiter)","LONG","","REAL","2026-06-22T12:40:53.000Z","2026-06-22T14:08:03.000Z","74.46","74.38","-2.04","-0.21","Yes (on-chain)","","","","87","","Momentum Trend Follower — composite conviction bias triggered on Long Buy trade (on-chain verified)","","Stop-loss limit triggered (-2.04% on-chain PnL)","","","","",""
"Auto-Trade (Jupiter)","LONG","","REAL","2026-06-22T01:31:19.000Z","2026-06-22T13:20:53.000Z","74.47","74.3","-1.02","-0.10","Yes (on-chain)","","","","710","","Momentum Trend Follower — composite conviction bias triggered on Long Buy trade (on-chain verified)","","Stop-loss limit triggered (-1.02% on-chain PnL)","","","","",""
"Auto-Trade (Jupiter)","LONG","","REAL","2026-06-22T01:26:31.000Z","2026-06-22T12:45:52.000Z","74.53","74.21","-2.05","-0.21","Yes (on-chain)","","","","679","","Momentum Trend Follower — composite conviction bias triggered on Long Buy trade (on-chain verified)","","Stop-loss limit triggered (-2.05% on-chain PnL)","","","","",""
"Auto-Trade (Jupiter)","SHORT","","REAL","2026-06-22T07:41:14.000Z","2026-06-22T12:35:53.000Z","74.26","74.29","-0.45","-0.06","Yes (on-chain)","","","","295","","Momentum Trend Follower — composite conviction bias triggered on Short Sell trade (on-chain verified)","","Stop-loss limit triggered (-0.45% on-chain PnL)","","","","",""
"Auto-Trade (Jupiter)","SHORT","","REAL","2026-06-22T07:26:14.000Z","2026-06-22T09:15:24.000Z","74.27","73.8","2.74","0.29","Yes (on-chain)","","","","109","","Momentum Trend Follower — composite conviction bias triggered on Short Sell trade (on-chain verified)","","Target profit limit hit (+2.74% on-chain PnL)","","","","",""
"Auto-Trade (Jupiter)","SHORT","","REAL","2026-06-21T21:22:10.000Z","2026-06-22T07:31:14.000Z","72.8","74.18","0.20","0.02","Yes (on-chain)","","","","609","","Momentum Trend Follower — composite conviction bias triggered on Short Sell trade (on-chain verified)","","Target profit limit hit (+0.20% on-chain PnL)","","","","",""
"Auto-Trade (Jupiter)","LONG","","REAL","2026-06-21T20:50:18.000Z","2026-06-22T02:06:19.000Z","73.38","74.12","-2.86","-0.60","Yes (on-chain)","","","","316","","Momentum Trend Follower — composite conviction bias triggered on Long Buy trade (on-chain verified)","","Stop-loss limit triggered (-2.86% on-chain PnL)","","","","",""
"Auto-Trade (Jupiter)","SHORT","","REAL","2026-06-21T21:12:43.000Z","2026-06-22T00:37:49.000Z","72.51","73.29","-4.78","-1.00","Yes (on-chain)","","","","205","","Momentum Trend Follower — composite conviction bias triggered on Short Sell trade (on-chain verified)","","Stop-loss limit triggered (-4.78% on-chain PnL)","","","","",""
"Auto-Trade (Jupiter)","LONG","","REAL","2026-06-21T20:50:13.000Z","2026-06-21T20:50:36.000Z","73.34","73.39","-0.08","-0.02","Yes (on-chain)","","","","0","","Momentum Trend Follower — composite conviction bias triggered on Long Buy trade (on-chain verified)","","Stop-loss limit triggered (-0.08% on-chain PnL)","","","","",""
"Auto-Trade (Jupiter)","LONG","","REAL","2026-06-21T16:54:04.000Z","2026-06-21T17:45:24.000Z","74.49","74.17","-2.61","-0.26","Yes (on-chain)","","","","51","","Momentum Trend Follower — composite conviction bias triggered on Long Buy trade (on-chain verified)","","Stop-loss limit triggered (-2.61% on-chain PnL)","","","","",""
"Auto-Trade (Jupiter)","LONG","","REAL","2026-06-20T20:40:28.000Z","2026-06-20T20:41:13.000Z","71.73","71.7","-0.66","-0.06","Yes (on-chain)","","","","1","","Momentum Trend Follower — composite conviction bias triggered on Long Buy trade (on-chain verified)","","Stop-loss limit triggered (-0.66% on-chain PnL)","","","","",""
"Auto-Trade (Jupiter)","LONG","","REAL","2026-05-23T21:10:40.000Z","2026-05-26T17:26:12.000Z","86.84","83.5","-42.49","-18.31","Yes (on-chain)","","","","4096","","Momentum Trend Follower — composite conviction bias triggered on Long Buy trade (on-chain verified)","","Stop-loss limit triggered (-42.49% on-chain PnL)","","","","",""
"Auto-Trade (Jupiter)","LONG","","REAL","2026-05-23T18:22:33.000Z","2026-05-23T20:45:39.000Z","84.87","86.35","33.99","3.41","Yes (on-chain)","","","","143","","Momentum Trend Follower — composite conviction bias triggered on Long Buy trade (on-chain verified)","","Target profit limit hit (+33.99% on-chain PnL)","","","","",""
"Auto-Trade (Jupiter)","LONG","","REAL","2026-05-20T23:05:47.000Z","2026-05-20T23:07:42.000Z","85.93","85.95","-5.47","-0.64","Yes (on-chain)","","","","2","","Momentum Trend Follower — composite conviction bias triggered on Long Buy trade (on-chain verified)","","Stop-loss limit triggered (-5.47% on-chain PnL)","","","","",""
"Auto-Trade (Jupiter)","LONG","","REAL","2026-05-20T23:02:32.000Z","2026-05-20T23:03:47.000Z","85.88","85.93","-1.64","-0.20","Yes (on-chain)","","","","1","","Momentum Trend Follower — composite conviction bias triggered on Long Buy trade (on-chain verified)","","Stop-loss limit triggered (-1.64% on-chain PnL)","","","","",""
"Auto-Trade (Jupiter)","LONG","","REAL","2026-05-20T22:54:39.000Z","2026-05-20T22:55:53.000Z","85.94","85.98","-2.54","-0.63","Yes (on-chain)","","","","1","","Momentum Trend Follower — composite conviction bias triggered on Long Buy trade (on-chain verified)","","Stop-loss limit triggered (-2.54% on-chain PnL)","","","","",""
